,cv_mean_r2,cv_std_r2,accuracy,R2,MSE,RMSE,MAE,training_time,best_params
VotingRegressor,0.897872292626186,8.416258325877335e-05,0.9039347180069298,0.9039347180069298,0.0642682752287861,0.25351188380189615,0.2024867649662473,15.821176528930664,{'regressor__cv': 10}
StackingRegressor,0.8977472843730132,0.0,0.9044984583489829,0.9044984583489829,0.06389112940972473,0.2527669468299301,0.20165445448275088,1.2288150787353516,{}
