,cv_mean_r2,cv_std_r2,accuracy,R2,MSE,RMSE,MAE,training_time,best_params
custom_MLP,,,,0.9891777848322248,0.007299738927752845,0.08543850962974978,0.06736995279788971,25.789827346801758,
