,cv_mean_r2,cv_std_r2,accuracy,R2,MSE,RMSE,MAE,training_time,best_params
custom_MLP,0.0,0.0,0.0,-0.5631043888390426,1.0457266245309909,1.0226077569288192,0.23733241856098175,9.434199333190918,
