,cv_mean_r2,cv_std_r2,accuracy,R2,MSE,RMSE,MAE,training_time,best_params
custom_MLP,0.0,0.0,0.0,0.6673126621904277,0.22256991233336612,0.47177315770756406,0.23334375023841858,55.38192653656006,
