,cv_mean_r2,cv_std_r2,accuracy,R2,MSE,RMSE,MAE,training_time,best_params
custom_MLP,,,,0.8578396274231856,0.09510617948378633,0.3083928979139862,0.211160346865654,50.85643720626831,
