,cv_mean_r2,cv_std_r2,accuracy,R2,MSE,RMSE,MAE,training_time,best_params
custom_MLP,,,,0.5797440496380482,0.2811538624988925,0.530239438837675,0.20346257090568542,41.3114755153656,
