,cv_mean_r2,cv_std_r2,accuracy,R2,MSE,RMSE,MAE,training_time,best_params
custom_MLP,,,,0.7958653215422329,0.13656737821068296,0.36955023773593076,0.20591974258422852,50.53646540641785,
