,cv_mean_r2,cv_std_r2,accuracy,R2,MSE,RMSE,MAE,training_time,best_params
custom_MLP,,,,0.8509799632512653,0.09969533777106246,0.3157456852770319,0.20016995072364807,29.730715036392212,
