,cv_mean_r2,cv_std_r2,accuracy,R2,MSE,RMSE,MAE,training_time,best_params
custom_MLP,,,,0.8788702336301261,0.08103657223448513,0.284669233031048,0.20123980939388275,25.84412717819214,
