,cv_mean_r2,cv_std_r2,accuracy,R2,MSE,RMSE,MAE,training_time,best_params
custom_MLP,,,,0.9894457825745946,0.007118970617180715,0.08437399254024142,0.06670891493558884,21.10519552230835,
