,cv_mean_r2,cv_std_r2,accuracy,R2,MSE,RMSE,MAE,training_time,best_params
LinearRegression,0.7854880029544835,0.0,0.7948102982201865,0.7948102982201865,0.1372731954198487,0.3705039749042494,0.29597978285259907,2.0671138763427734,{}
Ridge,0.7855129338553027,0.0,0.7945751042834416,0.7945751042834416,0.13743054163635124,0.3707162548855273,0.2961560891064882,0.8019735813140869,{'regressor__alpha': 3.5}
BayesianRidge,0.785501752919967,0.0,0.7946985208694594,0.7946985208694594,0.1373479751674519,0.37060487741994425,0.2960635105621355,0.043819427490234375,"{'regressor__alpha_1': 1.5e-05, 'regressor__alpha_2': 1.5e-05, 'regressor__lambda_1': 1.0, 'regressor__lambda_2': 1e-10, 'regressor__max_iter': 1, 'regressor__tol': 0.00012}"
HuberRegressor,0.7854112772987869,0.0,0.7968949040830388,0.7968949040830388,0.13587858104348122,0.3686171198458927,0.29448667084176483,0.17397212982177734,"{'regressor__alpha': 0.7, 'regressor__epsilon': 1.7, 'regressor__max_iter': 550, 'regressor__tol': 1e-08}"
BaggingRegressor,0.7856120233435808,0.0,0.791425849532972,0.791425849532972,0.13953741278552811,0.37354706903619,0.29828985918309636,0.4553639888763428,"{'regressor__max_features': 1.0, 'regressor__max_samples': 0.5, 'regressor__n_estimators': 80}"
