,cv_mean_r2,cv_std_r2,accuracy,R2,MSE,RMSE,MAE,training_time,best_params
LinearRegression,0.8972381379208023,0.0,0.9044620040318833,0.9044620040318833,0.06391551757614684,0.2528151846233664,0.20167585922139608,1.6029953956604004,{}
Ridge,0.8972513690932601,1.7903153401018284e-06,0.9044561426273038,0.9044561426273038,0.06391943889251554,0.25282293980672627,0.20169316226090603,0.6486718654632568,{'regressor__alpha': 1.2}
BayesianRidge,0.8972473429067823,4.413966092908598e-10,0.904457758315944,0.904457758315944,0.06391835798669757,0.2528208021241479,0.2016893848715044,0.11917710304260254,"{'regressor__tol': 0.0001, 'regressor__max_iter': 500, 'regressor__lambda_2': 1e-08, 'regressor__lambda_1': 0.0001, 'regressor__alpha_2': 1e-05, 'regressor__alpha_1': 0.0001}"
HuberRegressor,0.8970647664081663,0.00011899561591975896,0.9040195425143474,0.9040195425143474,0.06421152710213977,0.25339993508708675,0.20186641874093414,3.0743589401245117,"{'regressor__tol': 1e-06, 'regressor__max_iter': 450, 'regressor__epsilon': 1.6, 'regressor__alpha': 0.6}"
RandomForestRegressor,0.8236006029663855,0.007088209380295733,0.8350362891781837,0.8350362891781837,0.1103617555676686,0.3322073984240396,0.26462380062685714,29.64165496826172,"{'regressor__n_estimators': 100, 'regressor__min_samples_split': 2, 'regressor__min_samples_leaf': 1, 'regressor__max_depth': 25}"
GradientBoostingRegressor,0.8659697249074779,0.01724393152891579,0.8884776983579176,0.8884776983579176,0.07460911816818573,0.2731466971577466,0.21756660024241717,30.45570397377014,"{'regressor__subsample': 0.6, 'regressor__n_estimators': 200, 'regressor__min_samples_split': 10, 'regressor__min_samples_leaf': 1, 'regressor__max_depth': 5, 'regressor__learning_rate': 0.05}"
BaggingRegressor,0.8101501488148043,0.11098958275460973,0.904494535059293,0.904494535059293,0.0638937541150955,0.252772138723981,0.2016883950154439,7.266918182373047,"{'regressor__n_estimators': 100, 'regressor__max_samples': 0.5, 'regressor__max_features': 1.0}"
AdaBoostRegressor,0.7355686028622989,0.0384816851550324,0.7972602488602537,0.7972602488602537,0.1356341630996798,0.36828543699103794,0.29320624290155317,37.422189474105835,"{'regressor__n_estimators': 300, 'regressor__learning_rate': 0.3}"
